{"name":"476e361c-2e2c-4336-a049-a1624aa2f7cc","id":"/providers/Microsoft.Flow/flows/476e361c-2e2c-4336-a049-a1624aa2f7cc","type":"Microsoft.Flow/flows","properties":{"apiId":"/providers/Microsoft.PowerApps/apis/shared_logicflows","displayName":"Copy of - Export data to sharepoint","definition":{"metadata":{"workflowEntityId":null,"processAdvisorMetadata":null,"flowclientsuspensionreason":"None","flowclientsuspensiontime":null,"creator":{"id":"b77cdc44-19db-404d-8f90-d602a3b17706","type":"User","tenantId":"67e3f302-9bb0-40e3-a665-78fa0c287b7a"},"provisioningMethod":"FromDefinition","failureAlertSubscription":true,"clientLastModifiedTime":"2021-09-15T10:37:45.7986191Z"},"$schema":"https://schema.management.azure.com/providers/Microsoft.Logic/schemas/2016-06-01/workflowdefinition.json#","contentVersion":"1.0.0.0","parameters":{"$connections":{"defaultValue":{},"type":"Object"},"$authentication":{"defaultValue":{},"type":"SecureObject"}},"triggers":{"manual":{"type":"Request","kind":"Http","inputs":{"schema":{"schema":{"type":"object","properties":{"Action":{"type":"object","properties":{"Instruction":{"type":"string"},"Comments":{"type":"string"},"CompletedBy":{},"CompletedOn":{},"ScheduledFollowUpOn":{},"Status":{"type":"integer"},"RobotRejectedReason":{},"StatusDescription":{"type":"string"},"IsOnActionPeerReview":{"type":"boolean"},"ActionPeerReviewedBy":{},"ActionPeerReviewedOn":{},"ActionPeerReviewFailureCount":{"type":"integer"},"ActionPeerReviewComments":{},"ActionPeerReviewStatus":{"type":"integer"},"ActionPeerReviewStatusDescription":{"type":"string"},"Checklist":{"type":"array"},"ActionAttribute":{"type":"object","properties":{"DueDateAttribute":{"type":"object","properties":{"GUID":{"type":"string"},"AllowOverrideDueDate":{"type":"integer"}}},"PeerReviewDueDateAttribute":{},"ActionGeneralAttribute":{"type":"object","properties":{"GUID":{"type":"string"},"SOPURL":{},"EstimatedDuration":{"type":"string"},"RecordCountBehaviour":{"type":"integer"},"RecordCountBehaviourDescription":{"type":"string"}}},"ResponseEmailFromArray":{},"EmailToArray":{},"EmailCCArray":{},"EmailBCCArray":{},"OptionalEmailToArray":{},"OptionalEmailCCArray":{},"OptionalEmailBCCArray":{},"GUID":{"type":"string"},"StepNumber":{"type":"integer"},"Order":{"type":"integer"},"AutoCreate":{"type":"boolean"},"AllowManualCreation":{"type":"boolean"}}},"CaseAttribute":{"type":"object","properties":{"GUID":{"type":"string"},"SOPURL":{},"RecordCount":{"type":"integer"},"DueDateAttribute":{"type":"object","properties":{"GUID":{"type":"string"},"AllowOverrideDueDate":{"type":"integer"}}},"RecordCountBehaviour":{"type":"integer"},"OutboundEmailFromArray":{"type":"array","items":{"type":"string"}},"EmailToArray":{},"EmailCCArray":{},"EmailBCCArray":{},"OptionalEmailToArray":{},"OptionalEmailCCArray":{},"OptionalEmailBCCArray":{},"ScheduleGUID":{"type":"string"}}},"CurrentStepNumber":{"type":"integer"},"CurrentStep":{"type":"object","properties":{"GUID":{"type":"string"},"StepName":{"type":"string"},"Milestone":{"type":"integer"},"StepNumber":{"type":"integer"}}},"CaseFlowSteps":{"type":"array","items":{"type":"object","properties":{"GUID":{"type":"string"},"StepName":{"type":"string"},"Milestone":{"type":"integer"},"StepNumber":{"type":"integer"}},"required":["GUID","StepName","Milestone","StepNumber"]}},"ManuallyStartableActionCount":{"type":"integer"},"AbbyyValidationIframeURL":{},"AbbyyStatus":{"type":"integer"},"ActionIsWaitingForSubCaseWhichNeverStarted":{"type":"boolean"},"WaitingForProcessName":{},"WaitingForServiceName":{},"WaitingForContractName":{},"WaitingForCustomerName":{},"TimeoutDate":{},"StateChangedOn":{"type":"string"},"AffectedRecordCount":{"type":"integer"},"Contacts":{"type":"array","items":{"type":"object","properties":{"Employee":{"type":"object","properties":{"EntityGUID":{"type":"string"},"GUID":{"type":"string"},"FullName":{"type":"string"},"EmailAddress":{"type":"string"},"HasProfilePicture":{"type":"boolean"},"UserType":{"type":"integer"}}},"Tags":{"type":"array","items":{"type":"object","properties":{"GUID":{"type":"string"},"Name":{"type":"string"}},"required":["GUID","Name"]}},"EmailAddress":{"type":"string"}},"required":["Employee","Tags","EmailAddress"]}},"ContractGUID":{"type":"string"},"CustomerGUID":{"type":"string"},"DataFields":{"type":"object","properties":{"HsCheckBox":{"type":"boolean"},"HsDateAndTime":{},"HsDateOnly":{},"HsDecimalNumber":{"type":"integer"},"HsEmailAddress":{"type":"string"},"HsList":{"type":"string"},"HsLongText":{"type":"string"},"HsMultiLevel":{"type":"string"},"HsWholeNumber":{"type":"integer"},"SrShortText":{"type":"string"},"HsTableFieldsWhichAreHaving6Fields":{"type":"array","items":{"type":"object","properties":{"TlDateAndTimeField":{"type":"string"},"TlListField":{"type":"string"},"TlLongText":{"type":"string"},"TlMultiLevel":{"type":"string"},"TlShortText":{"type":"string"}},"required":["TlDateAndTimeField","TlListField","TlLongText","TlMultiLevel","TlShortText"]}}}},"VeryLastCustomDataUpdatedTime":{"type":"string"},"Files":{"type":"array"},"Defects":{"type":"array"},"KeepWithMeUser":{},"NewInformationReceived":{"type":"boolean"},"NewInformationReceivedOn":{},"OverrideDueDate":{},"OverrideDueDateSet":{},"ParentPacket":{"type":"object","properties":{"NewInformationReceived":{"type":"boolean"},"NewInformationReceivedOn":{},"Status":{"type":"integer"},"StatusDescription":{"type":"string"},"GUID":{"type":"string"},"CustomerName":{"type":"string"},"ContractName":{"type":"string"},"ServiceName":{"type":"string"},"ProcessName":{"type":"string"},"CurrentPacketTaskGUID":{"type":"string"},"CurrentTaskName":{},"Reference":{"type":"string"},"Title":{"type":"string"},"QueueName":{},"CurrentCustomState":{"type":"string"},"StartDate":{"type":"string"},"DueDate":{"type":"string"},"TimeRemainingWhenPaused":{},"EndDate":{},"RAGStatus":{"type":"integer"},"RAGStatusDescription":{"type":"string"},"LastUpdatedByUserDate":{"type":"string"},"UpdatedTime":{"type":"string"},"State":{"type":"integer"},"StateDescription":{"type":"string"},"ProcessType":{"type":"integer"},"ProcessTypeDescription":{"type":"string"},"ProcessSubType":{"type":"integer"},"ProcessSubTypeDescription":{"type":"string"},"StartedByMethod":{"type":"integer"},"StartedByMethodDescription":{"type":"string"},"IsAssignedToMe":{"type":"boolean"},"IsWaitingForMe":{"type":"boolean"},"HasNotifications":{"type":"boolean"},"HasAttachments":{},"LastAccessedByMe":{},"AssignedToUser":{},"OwnerUser":{"type":"object","properties":{"EntityGUID":{"type":"string"},"GUID":{"type":"string"},"FullName":{"type":"string"},"EmailAddress":{"type":"string"},"HasProfilePicture":{"type":"boolean"},"UserType":{"type":"integer"}}},"LastUpdatedByUser":{"type":"object","properties":{"EntityGUID":{"type":"string"},"GUID":{"type":"string"},"FullName":{"type":"string"},"EmailAddress":{"type":"string"},"HasProfilePicture":{"type":"boolean"},"UserType":{"type":"integer"}}},"StarterUser":{"type":"object","properties":{"EntityGUID":{"type":"string"},"GUID":{"type":"string"},"FullName":{"type":"string"},"EmailAddress":{"type":"string"},"HasProfilePicture":{"type":"boolean"},"UserType":{"type":"integer"}}},"StartedByUser":{"type":"object","properties":{"EntityGUID":{"type":"string"},"GUID":{"type":"string"},"FullName":{"type":"string"},"EmailAddress":{"type":"string"},"HasProfilePicture":{"type":"boolean"},"UserType":{"type":"integer"}}}}},"ProcessAttributeObjectGUID":{"type":"string"},"ProcessVersionInstanceGUID":{"type":"string"},"ServiceGUID":{"type":"string"},"ServiceTemplateGUID":{"type":"string"},"IsContactsMandatory":{"type":"boolean"},"SchedulePeriodGUID":{},"OnHoldReason":{},"OnHoldReasonDescription":{},"RAGStatus":{"type":"integer"},"RAGStatusDescription":{"type":"string"},"OpenPacketActivityGUID":{"type":"string"},"OpenDuration":{"type":"integer"},"OpenManualDuration":{},"GUID":{"type":"string"},"CustomerName":{"type":"string"},"ContractName":{"type":"string"},"ServiceName":{"type":"string"},"ProcessName":{"type":"string"},"CurrentPacketTaskGUID":{"type":"string"},"CurrentTaskName":{},"Reference":{"type":"string"},"Title":{"type":"string"},"QueueName":{"type":"string"},"CurrentCustomState":{"type":"string"},"StartDate":{"type":"string"},"DueDate":{"type":"string"},"TimeRemainingWhenPaused":{},"EndDate":{},"LastUpdatedByUserDate":{},"UpdatedTime":{"type":"string"},"State":{"type":"integer"},"StateDescription":{"type":"string"},"ProcessType":{"type":"integer"},"ProcessTypeDescription":{"type":"string"},"ProcessSubType":{"type":"integer"},"ProcessSubTypeDescription":{"type":"string"},"StartedByMethod":{"type":"integer"},"StartedByMethodDescription":{"type":"string"},"IsAssignedToMe":{"type":"boolean"},"IsWaitingForMe":{"type":"boolean"},"HasNotifications":{"type":"boolean"},"HasAttachments":{},"LastAccessedByMe":{},"AssignedToUser":{"type":"object","properties":{"EntityGUID":{"type":"string"},"GUID":{"type":"string"},"FullName":{"type":"string"},"EmailAddress":{"type":"string"},"HasProfilePicture":{"type":"boolean"},"UserType":{"type":"integer"}}},"OwnerUser":{},"LastUpdatedByUser":{},"StarterUser":{},"StartedByUser":{}}},"CallBackURL":{"type":"string"}}}}}}},"actions":{"HTTP":{"runAfter":{"Export_Communications_to_sharepoint":["Succeeded"]},"type":"Http","inputs":{"method":"POST","uri":"@{triggerBody()?['CallBackURL']}","headers":{"Content-Type":"application/json"},"body":{"success":true}}},"Variables_to_be_initialized":{"actions":{"User_name":{"runAfter":{"URL":["Succeeded"]},"type":"Compose","inputs":"power user"},"Password":{"runAfter":{"User_name":["Succeeded"]},"type":"Compose","inputs":"Enate@123"},"URL":{"runAfter":{},"type":"Compose","inputs":"https://enate.community/InnovationV21"},"User_GUID":{"runAfter":{"Password":["Succeeded"]},"type":"Compose","inputs":"d06c5389-ae09-497f-8d3b-d3c978035275"}},"runAfter":{},"type":"Scope"},"Login_and_Get_Authoken":{"actions":{"Authentication":{"runAfter":{},"type":"Http","inputs":{"method":"POST","uri":"@{outputs('URL')}/webapi/Authentication/Login?useCookie=false","headers":{"Content-Type":"application/json"},"body":{"Username":"@{outputs('User_name')}","Password":"@{outputs('Password')}"},"retryPolicy":{"type":"none"}}},"AuthToken-Original":{"runAfter":{"Authentication":["Succeeded"]},"type":"Compose","inputs":"@body('Authentication')"},"AuthToken_0":{"runAfter":{"AuthToken-Original":["Succeeded"]},"type":"Compose","inputs":"@replace(outputs('AuthToken-Original'), '+', '%2B')"},"AuthToken_1":{"runAfter":{"AuthToken_0":["Succeeded"]},"type":"Compose","inputs":"@replace(outputs('AuthToken_0'), '/', '%2F')"},"AuthToken":{"runAfter":{"AuthToken_1":["Succeeded"]},"type":"Compose","inputs":"@replace(outputs('AuthToken_1'), '=', '%3D')"}},"runAfter":{"Variables_to_be_initialized":["Succeeded"]},"type":"Scope"},"Export_Files_to_sharepoint":{"foreach":"@triggerBody()?['Action']?['Files']","actions":{"webapi_GetPacketFile":{"runAfter":{},"type":"Http","inputs":{"method":"GET","uri":"https://enate.community/InnovationV21/webapi/Packet/GetPacketFile?packetGUID=@{triggerBody()?['Action']?['ParentPacket']?['GUID']}&source=AttachedToPacket&fileGUID=@{items('Export_Files_to_sharepoint')['GUID']} &forceDownload=true&authToken=@{outputs('AuthToken')}","headers":{"Content-Type":"application/json"}}},"Export_Files":{"runAfter":{"webapi_GetPacketFile":["Succeeded"]},"type":"OpenApiConnection","inputs":{"host":{"apiId":"/providers/Microsoft.PowerApps/apis/shared_sharepointonline","connectionName":"shared_sharepointonline","operationId":"CreateFile"},"parameters":{"dataset":"https://enate.sharepoint.com/","folderPath":"/Shared Documents/Power Flow Attachments","name":"@items('Export_Files_to_sharepoint').FileName","body":"@body('webapi_GetPacketFile')"},"authentication":"@parameters('$authentication')"},"runtimeConfiguration":{"contentTransfer":{"transferMode":"Chunked"}}}},"runAfter":{"Login_and_Get_Authoken":["Succeeded"]},"type":"Foreach"},"Export_Communications_to_sharepoint":{"foreach":"@body('Get_Communications')","actions":{"Condition":{"actions":{"Export_communication":{"runAfter":{},"type":"OpenApiConnection","inputs":{"host":{"apiId":"/providers/Microsoft.PowerApps/apis/shared_sharepointonline","connectionName":"shared_sharepointonline","operationId":"CreateFile"},"parameters":{"dataset":"https://enate.sharepoint.com/","folderPath":"/Shared Documents/Power Flow Attachments","name":"@{triggerBody()?['Action']?['ParentPacket']?['Reference']}.html","body":"@items('Export_Communications_to_sharepoint').EventData.Body"},"authentication":"@parameters('$authentication')"},"runtimeConfiguration":{"contentTransfer":{"transferMode":"Chunked"}}},"Set_variable":{"runAfter":{"Export_communication":["Succeeded"]},"type":"SetVariable","inputs":{"name":"flag","value":0}}},"runAfter":{},"expression":{"and":[{"equals":["@items('Export_Communications_to_sharepoint').EventID",1]},{"equals":["@variables('flag')",1]}]},"type":"If"}},"runAfter":{"Initialize_variable":["Succeeded"]},"type":"Foreach"},"Get_Communications":{"runAfter":{"Export_Files_to_sharepoint":["Succeeded"]},"type":"Http","inputs":{"method":"GET","uri":"https://enate.community/InnovationV21/webapi/Timeline/GetTimelineForPacket?packetGUID=@{triggerBody()?['Action']?['ParentPacket']?['GUID']}&options=Communication&authToken=@{outputs('AuthToken')}","headers":{"Content-Type":"application/json"}}},"Initialize_variable":{"runAfter":{"Get_Communications":["Succeeded"]},"type":"InitializeVariable","inputs":{"variables":[{"name":"flag","type":"integer","value":1}]}}},"outputs":{}},"connectionReferences":{"shared_sharepointonline":{"connectionName":"7e61a22df1f1414f875cfa6199e32ae3","source":"Embedded","id":"/providers/Microsoft.PowerApps/apis/shared_sharepointonline","tier":"NotSpecified"}},"flowFailureAlertSubscribed":false}}